"taxon"	"Color_complex"
"Actinomyces israelii"	"Peri-implantitis"
"Campylobacter gracilis"	"Orange Complex"
"Campylobacter rectus"	"Orange Complex"
"Campylobacter showae"	"Orange Complex"
"Corynebacterium durum"	"Peri-implantitis"
"Corynebacterium matruchotii"	"Peri-implantitis"
"Filifactor alocis"	"Peri-implantitis"
"Fusobacterium nucleatum_sensu_stricto"	"Orange Complex"
"Fusobacterium periodonticum"	"Orange Complex"
"Gemella bergeri"	"Peri-implantitis"
"Gemella haemolysans"	"Peri-implantitis"
"Gemella massiliensis"	"Peri-implantitis"
"Gemella morbillorum"	"Peri-implantitis"
"Gemella sanguinis"	"Peri-implantitis"
"Hornefia nodatum"	"Orange Complex"
"Neisseria bacilliformis"	"Peri-implantitis"
"Neisseria elongata"	"Peri-implantitis"
"Neisseria flava"	"Peri-implantitis"
"Neisseria flavescens"	"Peri-implantitis"
"Neisseria gonorrhoeae"	"Peri-implantitis"
"Neisseria lactamica"	"Peri-implantitis"
"Neisseria meningitidis"	"Peri-implantitis"
"Neisseria mucosa"	"Peri-implantitis"
"Neisseria oralis"	"Peri-implantitis"
"Neisseria perflava"	"Peri-implantitis"
"Neisseria polysaccharea"	"Peri-implantitis"
"Neisseria sicca"	"Peri-implantitis"
"Neisseria sp. HMT-018"	"Peri-implantitis"
"Neisseria sp. HMT-020"	"Peri-implantitis"
"Neisseria sp. HMT-499"	"Peri-implantitis"
"Neisseria sp. HMT-523"	"Peri-implantitis"
"Neisseria subflava"	"Peri-implantitis"
"Neisseria weaveri"	"Peri-implantitis"
"Parvimonas micra"	"Orange Complex"
"Porphyromonas gingivalis"	"Red Complex"
"Prevotella intermedia"	"Orange Complex"
"Prevotella nigrescens"	"Orange Complex"
"Rothia aeria"	"Peri-implantitis"
"Rothia dentocariosa"	"Peri-implantitis"
"Rothia mucilaginosa"	"Peri-implantitis"
"Staphylococcus epidermidis"	"Peri-implantitis"
"Streptococcus constellatus"	"Orange Complex"
"Streptococcus mitis"	"Peri-implantitis"
"Tannerella forsythia"	"Red Complex"
"Treponema denticola"	"Red Complex"
NA	" Other"
