taxon	S1.1_baseline_tooth	S2.1_baseline_implants	S3.1_12m_tooth	S4.1_12m_implants	S5.2_baseline_tooth	S6.2_baseline_implants	S7.2_12m_tooth	S8.2_12m_implants	S9.3_baseline_tooth	S10.3_baseline_implants	S11.3_12m_tooth	S12.3_12m_implants	S13.4_baseline_tooth	S14.4_baseline_implants	S15.4_12m_tooth	S16.4_12m_implants	S17.5_baseline_tooth	S18.5_baseline_implants	S19.5_12m_tooth	S20.5_12m_implants	S21.6_baseline_tooth	S22.6_baseline_implants	S23.6_12m_tooth	S24.6_12m_implants	S25.7_baseline_tooth	S26.7_baseline_implants	S27.7_12m_tooth	S28.7_12m_implants	S29.8_baseline_tooth	S30.8_baseline_implants	S31.8_12m_tooth	S32.8_12m_implants	S33.9_baseline_tooth	S34.9_baseline_implants	S35.9_12m_tooth	S36.9_12m_implants	S37.10_baseline_tooth	S38.10_baseline_implants	S39.10_12m_tooth	S40.10_12m_implants
Bacillota	4559	5286	2093	4087	2055	1573	4032	5568	6634	3116	679	4575	1014	2132	4369	5532	9796	8810	8247	5199	3150	7161	1180	3102	10376	1987	70919	56648	28228	41646	41949	19338	40255	70422	82881	82817	91166	112126	8222	72483
Pseudomonadota	2925	2487	8371	4851	4736	318	1219	218	588	4431	7439	1905	5527	5276	5297	4296	466	326	849	921	721	1613	564	1117	14235	462	27510	25598	36694	42657	31170	17143	11033	14303	55738	37143	44441	4942	1377	16743
Fusobacteriota	0	36	733	240	14	68	39	903	36	301	460	155	14	53	91	93	30	85	92	78	4670	33	12	50	863	193	3415	7098	1847	4315	3771	22658	430	1899	357	349	271	360	97	6954
Bacteroidota	0	78	478	139	312	36	735	343	121	301	200	75	0	63	0	33	46	96	76	278	1439	259	31	30	655	58	5957	5353	3475	2143	3474	15501	338	2026	315	596	87	463	357	5300
Spirochaetota	0	0	864	0	0	0	197	26	0	160	40	0	0	0	0	0	0	0	0	40	65	0	0	0	32	0	0	0	169	135	249	8187	16	0	0	0	0	27	0	1167
Actinomycetota	47	0	90	12	0	0	0	0	15	19	11	44	0	0	76	0	32	15	39	21	16	0	0	0	144	21	628	6720	92	179	87	353	89	42	113	0	91	132	119	123
Patescibacteria	0	0	22	10	0	0	0	0	0	0	0	0	0	0	0	0	0	0	0	0	0	0	0	0	37	0	323	627	13	32	39	294	41	0	0	0	0	0	29	0
Synergistota	0	0	115	0	0	0	15	0	0	0	10	0	0	0	0	0	0	0	0	68	107	0	0	0	13	0	0	0	53	107	22	354	0	0	0	0	0	0	0	130
Unknown	0	0	0	0	0	0	0	0	1	0	0	0	0	0	1	0	0	0	0	0	1	0	0	1	2	0	332	0	1	0	0	3	0	0	0	0	0	0	1	0
Mycoplasmatota	0	0	0	0	0	0	0	0	0	22	0	0	0	0	0	0	0	0	0	0	0	0	0	0	0	0	0	0	0	14	0	66	0	0	0	0	0	0	0	76
Cyanobacteriota	0	0	0	0	0	0	0	0	45	0	0	0	0	0	0	0	0	0	0	0	0	0	0	0	0	0	0	24	0	0	0	0	0	0	0	0	0	0	16	0
