taxon	S1.1_baseline_tooth	S2.1_baseline_implants	S3.1_12m_tooth	S4.1_12m_implants	S25.7_baseline_tooth	S5.2_baseline_tooth	S26.7_baseline_implants	S6.2_baseline_implants	S27.7_12m_tooth	S7.2_12m_tooth	S28.7_12m_implants	S8.2_12m_implants	S29.8_baseline_tooth	S9.3_baseline_tooth	S30.8_baseline_implants	S10.3_baseline_implants	S31.8_12m_tooth	S11.3_12m_tooth	S32.8_12m_implants	S12.3_12m_implants	S33.9_baseline_tooth	S13.4_baseline_tooth	S34.9_baseline_implants	S14.4_baseline_implants	S35.9_12m_tooth	S15.4_12m_tooth	S36.9_12m_implants	S16.4_12m_implants	S17.5_baseline_tooth	S18.5_baseline_implants	S19.5_12m_tooth	S20.5_12m_implants	S37.10_baseline_tooth	S21.6_baseline_tooth	S38.10_baseline_implants	S22.6_baseline_implants	S39.10_12m_tooth	S23.6_12m_tooth	S40.10_12m_implants	S24.6_12m_implants
Streptococcus	57.86	55.03	4.76	25.79	18.09	22.53	31.32	48.3	31.19	15.51	36.32	37.82	25.93	64.64	24	14.88	27.32	3.48	1.24	47.73	51.24	13.26	33.14	22.3	47.36	37.9	60.88	39.58	52.07	60.35	66.63	24.45	53.64	6.08	54.65	63.64	60.8	46.83	23.28	45.7
Haemophilus	34.48	9.27	0.8	45.05	0.91	28.44	0.84	8.81	9.66	7.25	12.18	0.49	1.4	6.81	11.44	12.08	0.33	5.58	0.07	12.92	13.23	84.01	12.06	56.33	28.54	51.37	16.11	37.7	3.46	0.49	4.48	3.78	29.94	1.01	2.72	0.12	6.24	17.6	0.41	23.77
Campylobacter	0	0.27	17.11	1.55	38.22	1.37	9.93	3.97	5.59	1.54	10.31	2.16	21.21	0.37	29.26	0.8	1.7	2.35	14.86	0.39	0.52	0	1.56	0	2.86	0.13	2.42	0.35	0.46	3.02	3.76	3.68	0.07	5.25	0.22	13.29	2.23	0	15.79	0.59
Aggregatibacter	3.12	17.42	44.67	3.35	14.62	6.44	6.51	0	3.35	10.65	0.98	0	27.58	0	4.79	36.07	35.89	75.79	3.82	0	4.97	0	0.84	0.2	7.59	0	0.29	0.21	0.28	0	0.41	3.11	1.82	0.26	0.09	0	1.07	0	0.04	0
Veillonella	0.66	0.55	0.54	3.3	4.64	1.27	13.17	6.6	10.53	0.18	5.56	2.23	0.86	5.54	4.14	0.27	0.71	1.64	0	11.09	7.18	0.51	7.49	2.26	9.08	0.24	1.72	6.28	38.19	18.32	15.42	2.08	9.78	0.88	20.57	5.87	8.24	10.96	0.22	12.59
Fusobacterium	0	0.31	5.55	2.54	2.91	0.2	7.08	3.51	2.03	0.63	5.27	12.91	2	0.41	4.63	3.64	4.27	5.24	25.68	2.04	0.56	0.18	2.07	0.7	0.25	0.73	0.25	0.94	0.18	0.76	0.82	1.14	0.19	46.29	0.29	0.31	0.71	0.66	6.76	1.18
Gemella	1.61	2.18	0.28	6.51	0.13	2.1	1.64	3.3	0.6	0.28	0.84	2.87	1.07	3.49	1.08	2.17	11.46	0.64	0.79	3.87	4.68	0.61	7.86	1.11	2.32	0.54	3.77	2.32	0.24	0.25	0.76	2.7	1.49	1.54	1.86	0.62	4.4	6.65	10.66	4.63
Parvimonas	0	0	0	0	2.55	0.44	8.3	12.01	0.94	20.29	0.07	13.65	0.06	5.93	2.21	3.93	0.49	0.23	0.14	0	0.95	0	12.6	0.35	0	0	0.03	4.02	0.21	0	1.11	11.13	0.01	4.54	1.95	0.61	0	0	16.76	1.44
Selenomonas	0	0	2.75	1.03	2.67	0	2.55	0.52	8.17	1	6.03	0.31	5.18	0	2.39	0.56	1.35	0	4.82	0	3.01	0	0.06	0	0.13	0	0.02	0	0.26	4.78	1.27	22.26	0	1.71	2.02	1.5	1.99	0	2.69	0
Neisseria	0.66	4.37	0.95	1.49	0.24	29.79	0	3.2	4.56	0	1.45	0.14	0.62	0.47	0.38	3.15	0.53	0.67	0.58	15.04	1.71	0.44	0.03	13.73	0.28	0.26	11.43	2.17	0.16	0	0	0.25	0.13	0.16	1.14	4.43	1.47	8.5	0.03	1.13
Peptostreptococcus	0	0	0.7	3.42	1.1	0	1.37	5.26	0.13	0	0	0	0	4.32	2.7	0	5.28	0	1.76	0.53	0.73	0	8.85	0	0	0	0.03	0	0	0.78	0	0.8	0	0.35	3.65	2.86	0	0	7.42	2.43
Granulicatella	0.39	2.32	0.21	1.71	0.48	1.91	0.42	0.77	0.26	0	0.1	0.87	0.14	0.15	0.19	0.24	0.12	0.29	0.03	3.41	3.18	0.98	2.67	2.13	0.41	5.41	1.63	1.93	3.38	1.15	2.15	0.31	2.01	0.13	1.05	0.5	2.78	2.4	0.06	1.61
Capnocytophaga	0	0.8	0.63	0.21	1.53	4.33	0	0	1.32	0	3.7	0	4.14	0	1.11	0.37	0.25	0	1.29	0.24	0.2	0	0.05	0.75	0.16	0	0.3	0.2	0.38	0	0.63	1.95	0.03	0.13	0.03	0	3.28	0	0	0
Treponema	0	0	6.83	0	0.12	0	0	0	0	3.19	0	0.37	0.24	0	0.15	1.93	0.31	0.46	9.78	0	0.03	0	0	0	0	0	0	0	0	0	0	0.62	0	0.65	0.02	0	0	0	1.13	0
Odoribacteraceae [G3]	0	0	0.51	0	0	0	0	0	0	0.68	0	1.12	0	0	0.11	0.27	0.92	0	10.62	0	0	0	0	0	0	0	0	0	0	0	0	1.19	0	0	0	0	0	0	0	0
Dialister	0	0	0.47	0.63	1.9	0	1.37	1.39	1.07	0.44	0	1.06	0	1.06	0.96	2.96	0.39	0.21	0.36	0	0.35	0	0.04	0	0.01	0	0.02	0.23	0	0	0.11	0.37	0	3.56	1.07	0.48	0	0	2.66	2.41
Catonella	0	0	0.34	0.11	0.52	0	0.42	0.52	1.12	1.13	0.71	0.67	0.43	0	0.63	0.53	0.57	0	3.55	0	0.2	0	0	0	0.04	0	0.01	0	0	0.16	0	0.41	0	0.58	0.15	0.22	0	0	0.7	0
Peptococcus	0	0	1.85	0.24	0.08	0	0.38	0	0	0.31	0	0.86	0.14	0	0.75	2.66	0.79	0	1.41	0.15	0.1	0	0	0	0	0	0	0	0.18	0	0	0	0	0	0.08	0	0	0	3.71	0
Lachnoanaerobaculum	0	0.57	0.58	0.15	0.67	0	0.46	0	0.62	0	0.96	0	1.91	0	1.1	0.29	0.13	0	1.07	0.47	0.6	0	0.13	0	0.03	0	0.07	0	0.18	0.46	1.66	0.2	0	0	0.11	0	0.35	0	0	0
Segatella	0	0	0.09	0.46	0.21	0	0	0	1.44	3.21	0.23	0.93	0.1	0.34	0.16	0.45	0.37	0.27	1.19	0	0.07	0	0.02	0	0	0	0	0	0	0.44	0	0	0	3.23	0.16	0.18	0	0	1.71	0.24
Peptoanaerobacter	0	0	0.84	0	0	0	0	0	1.73	0	0.14	0	1.35	0	0.79	0	0.22	0	1.23	0	0.13	0	0.44	0	0	0	0	0	0	0	0	0.83	0	1.03	0.11	0	0	0	0.01	0
Porphyromonas	0	0	0.32	0.23	0	0	0.42	0	0	7.08	0.04	0.4	0.03	0	0.24	0.69	0.75	0	0.85	0.26	0.08	0	0.42	0	0	0	0.11	0	0	0	0	0.45	0.03	5.87	0	0	0.24	1.2	2.12	0
Anaerovoracaceae [G1]	0	0	0	0	0.32	0	0.88	0	0.15	0	0	0	0	0	0.04	0.39	0.04	0	0.07	0.18	0.03	0	1.61	0	0	0	0	0	0	0	0	0	0	1.6	1.94	0.67	0	0	0.81	0
Rothia	0	0	0	0	0	0	0	0	0	0	4.6	0	0	0	0	0	0	0	0.01	0	0.04	0	0	0	0	0.58	0	0	0	0	0	0	0.01	0	0	0	0	0	0	0
Megasphaera	0	0	0	0	0.06	0	0	0	0.16	0	0.06	0	0	0.3	0	0	0	0	0	0	0.16	0	0.57	0	0	0	0	0	0	0.27	0	0	0	0	3.28	0	0	0	0	0
Leptotrichia	0	0	0.15	0	0.3	0	0	0	0.97	0	1.64	0	0.6	0	0.07	0	0.15	0	1.34	0	0.2	0	0	0	0	0	0	0	0.1	0.13	0.15	0	0.01	0	0.01	0	0.17	0	0	0
Mogibacterium	0	0	0.15	0.12	1.3	0	1.03	0	0.37	2.61	0.17	1	0	0.6	0.3	0	0.16	0	0.11	0.27	0.32	0	1.39	0	0	0	0.01	0	0	0.26	0	0	0	2.22	0.69	0.62	0	0	0.21	0.73
Prevotella	0	0	0	0.37	0.16	0	0	0.93	0.02	0.23	0	0.71	0.06	0.66	0.09	0.13	0.71	0.21	1.12	0.35	0.12	0	1.73	0	0	0	0	0	0	0.49	0	0	0	0.28	0.14	2.58	0	0	0.35	0.24
Filifactor	0	0	0.29	0	0.22	0	1.29	0	0.32	7.19	0	5.99	0	0	0.75	0	0.88	0	1.05	0	0.23	0	0.64	0	0	0	0	0	0	0	0	0	0	0	0	0	0	0	0.05	0
Abiotrophia	0.2	6.43	0.1	0	0.04	0.28	0	0	0.92	0	0.41	0	0.48	0.43	0.43	0	0.42	0	0.03	0	0.43	0	0.57	0	0	0.37	0	0	0	0	0	0	0.07	0	0.07	0.95	1.5	0	0	0.85
Shuttleworthia	0	0	0	0	0.13	0	0	0	2.55	0	0	0	0	0	0	0	0	0	0	0	0	0	0	0	0	0	0	0	0	0	0	0	0	0.33	1.09	0	0	0	0	0
Gallibacter	0	0	0.81	0.34	1.61	0	2.21	0.93	0.15	7.24	0.15	7.32	0.12	0	0.91	3.95	0	0	0	0	0.3	0	0	0	0.07	0	0	1.24	0	0	0	3.09	0	2.99	0	0	0	0	0	0
Hoylesella	0	0	0.32	0	0.17	0	0	0	0.86	0.31	0.5	0	0.38	0	0.38	0.25	0.17	0.21	0.67	0	0.05	0	0	0	0.05	0	0.01	0	0	0	0	0.41	0	0.88	0.02	0	0	0	0.46	0
Johnsonella	0	0	0	0	0	0	0	0	0.19	0.87	0	0.33	1.59	0	0.16	0	0.01	0.64	1.63	0	0	0	0	0	0	0	0.06	0	0	0	0	1.62	0	0	0	0	0	0	0	0
Lachnospiraceae [G3]	0	0.18	0.86	0.18	0.18	0.18	0	0	0.25	0	0.77	0	0.52	0	0.15	0.76	0.23	0	0.42	0	0.22	0	0	0	0	0	0.16	0	0	0.12	0	0	0	0	0.01	0	0	0	0.17	0
Staphylococcus	0	0	0	0.12	0.04	0	0.95	0	0.94	0	0.86	0	0	0	0	2.09	0	0	0	0	0.3	0	0.46	0	0.01	0	0	0	0	0	0	0	0	0	0	0	0.41	0	0.03	0
Selenomonadaceae [G1]	0	0	0.27	0	0.92	0	0.8	0	0.69	0	0.19	0	0.05	0	0.17	0.36	0.4	0	0.41	0	0.64	0	0	0	0	0	0	0	0	0	0	1.61	0	0.2	0	0	0	0	0.01	0
Tannerella	0	0	0.37	0	0.08	0	0	0	0	0	0.51	0.21	0.09	0	0.05	0.22	0.6	0.27	0.95	0	0.03	0	0	0	0	0	0	0	0	0	0	0	0	0.23	0	0	0	0	0.14	0
Eikenella	0	0	1.08	0.21	0	0.18	0	0	0.35	0	0	0	0.42	0	0.2	0.14	0.05	0	0.14	0	0.07	0	0.08	0	0.13	0	0.37	0.14	0	0	0.25	0.67	0.12	0.25	0.01	0	0	0	0	0
Actinomyces	0.46	0	0.46	0	0.35	0	0.42	0	0.29	0	1.05	0	0.06	0	0.05	0	0.08	0	0.17	0	0.05	0	0	0	0.07	0	0	0	0.26	0	0.15	0.22	0.04	0	0	0	0.78	0	0	0
Alloprevotella	0	0	0	0.17	0.31	0	0.53	0	0	0.23	0.14	0.89	0	0.54	0.16	0.59	0.46	0	0.49	0	0.08	0	0	0	0	0	0.05	0	0	0	0	0	0	3.41	0.03	0	0	0	0.31	0
Weeksellaceae [G1]	0	0	0	0	0	0	0	0	1.82	0	0	0	0	0	0	0	0	0	0	0	0	0	0	0	0	0	0	0	0	0	0	0	0	0	0	0	0	0	0	0
Kingella	0	0	0	0.2	0	0.52	0	0	0	0	0.04	0	0.2	0	0.25	0.23	0	0	0.06	0	0.07	0	0	0	0.35	0	0	0	0	0	0.13	0	0.46	0	0	0	0	0	0.01	0
Afipia	0	0	0	0	0	0	0	0	1.33	0	0	0	0	0	0	0	0	0	0	0	0	0	0	0	0	0	0	0	0	0	0	0	0	0	0	0	0	0	0	0
Anaeroglobus	0	0	0	0	0.06	0	0	0	0.72	0	0.03	0.53	0	0	0	0.23	0	0.14	0	0	0	0	0	0	0	0	0.02	0	0	0	0	0	0	0.6	0.04	0	0	0	0.34	0
Hornefia	0	0	0.15	0	0	0	0.46	0	0.22	7.06	0	2.86	0	0	0.09	0	0.06	0	0.25	0	0	0	0	0	0	0	0	0	0	0	0	0	0	0.93	0	0	0	0	0	0
Anaerovoracaceae [G5]	0	0	0	0	0	0	0	0	0	0	0	0	0	0	0.59	0	0.02	0	0.56	0	0	0	0	0	0	0	0	0	0	0	0	4	0	0	0	0	0	0	0	0
Ligilactobacillus	0	0	0	0	0	0	0	0	0	0	1.21	0	0	0	0	0	0	0	0	0	0	0	0	0	0	0	0	0	0	0	0	0	0	0	0	0	0	0	0	0
Cardiobacterium	0	0	0.77	0	0.06	0	0	0	0	0	0.1	0	0.47	0	0.18	0	0	0	0.42	0	0.07	0	0	0	0	0	0	0	0	0	0.12	0	0.03	0	0	0	0.2	0	0	0
Anaerovoracaceae [G4]	0	0	0	0	0.26	0	0	0	0.01	0.39	0	0.69	0	0	0.46	0.36	0.05	0	0.18	0	0.06	0	0	0	0	0	0	0	0	0	0	0.33	0	0.13	0.01	0	0	0	0.24	0
Moraxella	0	0	0.15	0.17	0	0	0	0	0	0	0.01	0	0	0	0.03	0	0.11	0	0.05	0	0	0	0.81	0	0	0	0	0	0	0	0	0	0	0	0	0	1.94	0	0	0
Oribacterium	0	0	0.16	0.18	0.15	0	0.53	0	0.09	0	0.01	0	0.01	0	0.03	0	0	0	0.01	0.38	0.22	0	0.12	0	0	0	0.03	0	0	0.5	0	0	0	0	0.16	0.35	0	0	0.27	0
Lachnospiraceae [G8]	0	0	0	0	0	0	0	0	0	0	0	0	0.02	0	0.07	0.56	0.12	0	0.66	0	0	0	0	0	0	0	0	0	0	0	0	3.95	0	0	0	0	0	0	0	0
Saccharimonas	0	0	0.09	0	0.06	0	0	0	0.3	0	0.48	0	0	0	0	0	0	0	0.19	0	0.05	0	0	0	0	0	0	0	0	0	0	0	0	0	0	0	0	0	0	0
Fretibacterium	0	0	0.91	0	0.05	0	0	0	0	0.24	0	0	0.08	0	0.12	0	0.03	0.11	0.42	0	0	0	0	0	0	0	0	0	0	0	0	1.06	0	1.07	0	0	0	0	0.13	0
Ruminococcaceae [G1]	0	0	0	0	0.29	0	0	0	0	0	0	0	0.05	0	0.12	0	0.57	0	0.22	0	0.15	0	0	0	0	0	0	0	0	0.14	0	0	0	0	0	0	0	0	0	0
Paludibacteraceae [G1]	0	0	1.37	0	0	0	0	0	0	0	0.09	0.46	0.05	0	0	0	0.02	1.04	0.5	0	0	0	0	0	0	0	0	0	0	0	0	0	0	0	0	0	0	0	0.05	0
Lactobacillus	0	0	0	0	0	0	0	0	0	0	0.37	0	0	0	0	0	0	0	0	0	0.14	0	0	0	0	0	0	0	0	4.77	0	0	0	0	0	0	0	0	0	0
Centipeda	0	0	0	0	0	0	0	0	0.67	0	0	0	0.05	0	0	0	0	0	0.04	0	0	0	0	0	0	0	0	0	0	0	0	0	0	0	0	0	0	0	0.02	0
Stomatobaculum	0	0	0	0	0.05	0	0	0	0.03	0	0.06	0	0	0	0	0	0	0	0	0	0.02	0	0.45	0	0	0	0	0	0	0	0	0	0	0	0.21	0	0	0	0	0
Cutibacterium	0	0	0	0	0	0	0	0	0.05	0	0.69	0	0	0	0	0	0	0	0	0	0	0	0	0	0	0	0	0	0	0	0	0	0	0	0	0	0	0	0	0
Lautropia	0	0.17	0	0	0	0	0	0	0.32	0	0.01	0	0.03	0	0	0.17	0	0	0	0	0.03	0	0	0.13	0	1.65	0	0	0	0	0	0	0.09	0	0	0	0.15	0	0	0
Odoribacteraceae [G5]	0	0	0.09	0	0	0	0	0	0	0	0	0	0.07	0	0.04	0.58	0	0	0.66	0	0	0	0	0	0	0	0	0	0	0	0	0	0	0	0	0	0	0	0	0
Acinetobacter	0.37	0	0	0	0	0	0	0	0	0	0	0	0	0	0.05	0.35	0	0.54	0.03	0	0	0	0.1	0	0.11	0.21	0	1.52	0	0	0	0	0.02	0.11	0	0	0	2.46	0	0.43
Pseudoleptotrichia	0	0.13	0.09	0	0.08	0	0	0	0.13	0	0.05	0	0.01	0	0.02	0	0.02	0	0.04	0.24	0.07	0	0.07	0	0	0.19	0.04	0	0	0	0	0	0	0.2	0	0	0	0	0	0
Schlegelella	0	0	0	0	0	0	0	0	0.06	0	0	0	0	0	0.09	0	0	0	0.06	0	0	0	0.34	0	0	0	0	0	0	0	0	0.16	0	0	0	0	0	0	0	0
Limosilactobacillus	0	0	0	0	0	0	0	0	0	0	0.28	0	0	0	0	0	0	0	0	0	0	0	0	0	0	0	0	0	0	2.26	0	0	0	0	0	0	0	0	0	0
Peptoniphilus	0	0	0	0	0	0	0	0	0	0	0.01	0	0	3.32	0	0	0	0	0	0	0.45	0	0	0	0	0	0	0	0	0	0	0	0	0	0	0	0	0	0	0
Anoxybacillus	0	0	0	0	0.08	0	4.76	0	0.16	0	0	0	0	0	0	0	0	0	0	0	0.02	0	0.09	0	0.03	0	0	0	0	0	0	0	0	0	0	0	0	0	0	0
Peptoniphilaceae [G2]	0	0	0	0	0	0	0	0	0	0	0	0	0	0	0	0	0	0	0.53	0	0	0	0	0	0	0	0	0	0	0	0	0	0	0	0	0	0	0	0	0
Sphingomonas	0.21	0	0	0	0	0	0	0	0	0	0	0	0	0	0	0.14	0	0	0	0	0	0	0.15	0	0.05	0.27	0	0.97	0	0	0	0	0	0	0	0	0	2.75	0	0
Ruminococcaceae [G2]	0	0	0	0	0	0	0	0	0	0	0	0	0	0	0.31	0	0.03	0	0.06	0	0.05	0	0	0	0	0	0	0	0	0	0	0	0	0	0.01	0	0	0	0	0
Arachnia	0	0	0.15	0	0	0	0	0	0.09	0	0.09	0	0.03	0	0.01	0	0	0	0.1	0	0	0	0	0	0	0.13	0	0	0	0	0	0	0	0	0	0	0.13	0	0	0
Unknown	0	0	0	0	0.01	0	0	0	0.3	0	0	0	0	0.01	0	0	0	0	0	0	0	0	0	0	0	0.01	0	0	0	0	0	0	0	0.01	0	0	0.01	0	0	0.02
Finegoldia	0	0	0	0	0	0	0	0	0	0	0	0	0	0	0	0	0	0	0.01	0	0.62	0	0	0	0	0	0	0	0	0	0	0	0	0	0	0	0	0	0	0
Lancefieldella	0	0	0	0	0	0	0	0	0.03	0	0	0	0	0	0.09	0	0	0	0	0	0	0	0	0	0	0	0	0	0	0.13	0	0	0	0	0.09	0	0	0	0.09	0
Moryella	0	0	0	0	0	0	0	0	0	0	0	0	0	0	0	0	0	0	0	0	0	0	0.24	0	0	0	0.05	0	0	0	0	0	0	0	0.04	0	0	0	0	0
Anaerovoracaceae [G2]	0	0	0	0	0.1	0	0	0	0	0.28	0	0	0	0	0.1	0	0.04	0	0.07	0	0.04	0	0	0	0	0	0	0	0	0	0	0	0	0	0.04	0	0	0	0.03	0
Ottowia	0	0	0.08	0	0	0	0	0	0	0	0	0	0.04	0	0	0	0	0	0.01	0	0.08	0	0	0	0.04	0	0.12	0	0	0	0	0	0	0	0	0	0	0	0	0
Anaerococcus	0	0	0	0	0	0	0	0	0	0	0	0	0	0	0	0	0	0	0	0	0.44	0	0	0	0	0	0	0	0	0	0	0	0	0	0	0	0	0	0	0
Corynebacterium	0	0	0	0	0.08	0	0	0	0.05	0	0.02	0	0.03	0	0.03	0	0	0	0.06	0	0	0	0	0	0	0	0	0	0	0	0	0	0	0	0	0	0.22	0	0	0
Mitsuokella	0	0	0	0	0.81	0	0	0	0	0	0	0	0	0	0	0	0	0	0	0	0	0	0	0	0	0	0	0	0	0	0	0	0	0	0	0	0	0	0	0
Sneathia	0	0	0	0	0	0	0	0	0	0	0	0	0	0	0.02	0	0.24	0	0	0	0	0	0	0	0	0	0	0	0	0	0	0	0	0	0	0	0	0	0	0
Schaalia	0	0	0	0	0	0	0	0	0	0	0.05	0	0.01	0	0	0	0.01	0	0.04	0.47	0.04	0	0.04	0	0	0	0	0	0	0	0	0	0	0	0.01	0	0	0	0	0
Helicobacter	0	0	0	0	0	0	0	0	0	0	0	0	0	0	0	0	0	0	0.24	0	0	0	0	0	0	0	0	0	0	0	0	0	0	0	0	0	0	0	0	0
Lachnospiraceae [G2]	0	0	0	0	0	0	0	0	0	0	0	0	0	0	0.01	0	0.07	0	0.04	0	0	0	0	0	0	0	0	0	0	0	0	0	0	0.92	0	0	0	0	0	0
Lachnospiraceae [G10]	0	0	0	0	0	0	0	0	0.04	0	0.04	0	0.02	0	0	0	0	0	0.11	0	0	0	0	0	0	0	0	0	0	0	0	0	0	0	0	0	0	0	0	0
Nanoperiomorbus	0	0	0	0	0.06	0	0	0	0	0	0.12	0	0	0	0	0	0	0	0.05	0	0	0	0	0	0	0	0	0	0	0	0	0	0	0	0	0	0	0	0	0
Olsenella	0	0	0	0	0	0	0	0	0.06	0	0.08	0	0	0	0	0	0	0	0.03	0	0	0	0	0	0	0	0	0	0	0	0	0	0	0	0	0	0	0	0	0
Stenotrophomonas	0	0	0	0	0	0	0	0	0	0	0	0	0	0	0.09	0	0	0	0.05	0	0	0	0.01	0	0	0	0	0	0	0	0	0.2	0	0	0	0	0	0	0	0
Simonsiella	0	0	0	0	0	0	0	0	0	0	0	0	0	0	0	0	0	0	0	0	0.27	0	0	0	0	0	0	0	0	0	0	0	0	0	0	0	0	0	0	0
Lachnospiraceae [G7]	0	0	0	0	0	0	0	0	0	0	0	0	0	0	0.02	0	0	0	0.04	0	0	0	0	0	0	0	0	0	0	0	0	0	0	0	0.03	0	0	0	0.05	0
Butyrivibrio	0	0	0	0	0	0	0	0	0	0	0	0	0	0	0	0	0	0	0	0	0	0	0	0	0	0	0	0	0	0	0	0	0	0	0.1	0	0	0	0.01	0
Paracoccus	0	0	0	0.17	0	0	0	0	0	0	0	0	0	0	0	0	0	0	0	0	0.04	0	0	0	0.02	0	0	0	0	0	0	0.98	0	0	0	0	0	0	0	0
Nanosynbacter	0	0	0	0	0	0	0	0	0	0	0	0	0.02	0	0.02	0	0.01	0	0.08	0	0	0	0	0	0	0	0	0	0	0	0	0	0	0	0	0	0.2	0	0	0
Solobacterium	0	0	0	0	0	0	0	0	0	0	0	0	0	0	0.01	0	0	0	0	0	0	0	0.01	0	0	0	0	0	0	0	0	0	0	0	0.03	0.2	0.34	0	0	0
Hallella	0	0	0	0	0	0	0	0	0	0	0.02	0	0	0	0	0	0.02	0	0.07	0	0	0	0	0	0	0	0	0	0	0	0	0	0	0	0	0	0	0	0	0
Lacticaseibacillus	0	0	0	0	0	0	0	0	0	0	0.09	0	0	0	0	0	0	0	0	0	0	0	0	0	0	0	0	0	0	0	0	0	0	0	0	0	0	0	0	0
Metamycoplasma	0	0	0	0	0	0	0	0	0	0	0	0	0	0	0.02	0.27	0	0	0.03	0	0	0	0	0	0	0	0	0	0	0	0	0	0	0	0	0	0	0	0.03	0
Arthrospira	0	0	0	0	0	0	0	0	0	0	0.02	0	0	0.62	0	0	0	0	0	0	0	0	0	0	0	0	0	0	0	0	0	0	0	0	0	0	0.16	0	0	0
Phocaeicola	0	0	0	0	0	0	0	0	0	0	0	0	0	0	0	0	0	0	0.06	0	0	0	0	0	0	0	0	0	0	0	0	0	0	0.19	0	0	0	0	0	0
Pseudomonas	0	0	0	0	0	0	0	0	0	0	0	0	0	0	0	0	0	0	0	0	0	0	0.06	0	0	0	0	0	0	0	0	0	0	0	0	0	0	0	0	0
Leptothrix	0	0	0.12	0	0	0	0	0	0	0	0	0	0.04	0	0	0	0	0	0.02	0	0	0	0	0	0	0	0	0	0	0	0	0	0	0	0	0	0	0	0	0
Cloacibacterium	0	0	0	0	0	0	0	0	0	0	0	0	0	0	0	0	0	0	0	0	0	0	0.05	0	0	0	0	0	0	0	0	0	0	0	0	0	0	0	0	0
Mycoplasmopsis	0	0	0	0	0	0	0	0	0	0	0	0	0	0	0	0	0	0	0	0	0	0	0	0	0	0	0	0	0	0	0	0	0	0	0	0	0	0	0.04	0
Enterobacter	0	0	0	0	0	0	0	0	0	0	0	0	0	0	0	0	0	0	0	0	0	0	0.05	0	0	0	0	0	0	0	0	0	0	0	0	0	0	0	0	0
Mollicutes [O1 F1 G1]	0	0	0	0	0	0	0	0	0	0	0	0	0	0	0	0	0	0	0.05	0	0	0	0	0	0	0	0	0	0	0	0	0	0	0	0	0	0	0	0	0
Comamonas	0	0	0.09	0	0	0	0	0	0	0	0	0	0.03	0	0	0	0	0	0.01	0	0	0	0	0	0	0	0	0	0	0	0	0	0	0	0	0	0	0	0	0
Clostridiales [F1 G1]	0	0	0	0	0	0	0	0	0	0	0	0	0	0	0	0	0	0	0.04	0	0	0	0	0	0	0	0	0	0	0	0	0	0	0	0	0	0	0	0	0
Klebsiella	0	0	0	0	0	0	0	0	0	0	0	0	0	0	0	0.18	0	0	0	0	0	0	0	0	0	0	0	0.19	0	0	0	0	0	0	0	0	0	0	0	0
Bulleidia	0	0	0	0	0	0	0	0	0	0	0	0.14	0	0	0	0	0	0	0	0	0	0	0	0	0	0	0	0	0	0	0	0	0	0.23	0	0	0	0	0	0
Desulfobulbus	0	0	0.13	0	0	0	0	0	0	0	0	0	0	0	0.01	0	0	0	0	0	0	0	0	0	0	0	0	0	0	0	0	0	0	0	0	0	0	0	0	0
Bacteroides	0	0	0	0	0	0	0	0	0	0	0	0	0	0	0	0	0	0	0.03	0	0	0	0	0	0	0	0	0	0	0	0	0	0	0	0	0	0	0	0	0
Eggerthia	0	0	0	0	0	0	0	0	0	0	0	0	0	0	0	0	0.03	0	0	0	0	0	0	0	0	0	0	0	0	0	0	0	0	0	0	0	0	0	0	0
Nanogingivalis	0	0	0	0	0	0	0	0	0	0	0	0	0	0	0	0	0.03	0	0	0	0	0	0	0	0	0	0	0	0	0	0	0	0	0	0	0	0	0	0	0
Novosphingobium	0	0	0	0	0	0	0	0	0	0	0	0	0	0	0	0	0	0	0	0	0	0	0.03	0	0	0	0	0	0	0	0	0	0	0	0	0	0	0	0	0
Neisseriaceae [G1]	0	0	0	0	0	0	0	0	0	0	0	0	0	0	0	0	0	0	0	0	0.04	0	0	0	0	0	0	0	0	0	0	0	0	0	0	0	0	0	0	0
Lachnocurva	0	0	0	0	0	0	0	0	0	0	0	0	0	0	0	0	0	0	0.03	0	0	0	0	0	0	0	0	0	0	0	0	0	0	0	0	0	0	0	0	0
Patescibacteria [C1 O1 F1 G2]	0	0	0	0	0	0	0	0	0	0	0.02	0	0	0	0	0	0	0	0	0	0	0	0	0	0	0	0	0	0	0	0	0	0	0	0	0	0	0	0	0
Proteus	0	0	0	0	0	0	0	0	0	0	0	0	0	0	0	0	0	0	0	0	0	0	0	0	0.01	0	0	0	0	0	0	0	0	0	0	0	0	0	0	0
Brochothrix	0	0	0	0	0	0	0	0	0	0	0.01	0	0	0	0	0	0	0	0	0	0	0	0	0	0	0	0	0	0	0	0	0	0	0	0	0	0	0	0	0
Saccharimonadales [F3 G1]	0	0	0	0	0	0	0	0	0	0	0	0	0	0	0	0	0	0	0.01	0	0	0	0	0	0	0	0	0	0	0	0	0	0	0	0	0	0	0	0	0
Riemerella	0	0	0	0	0	0	0	0	0	0	0.01	0	0	0	0	0	0	0	0	0	0	0	0	0	0	0	0	0	0	0	0	0	0	0	0	0	0	0	0	0
Agathobacter	0	0	0	0	0	0	0	0	0	0	0	0	0	0	0	0	0	0	0.01	0	0	0	0	0	0	0	0	0	0	0	0	0	0	0	0	0	0	0	0	0
Peptidiphaga	0	0	0	0	0.04	0	0	0	0	0	0	0	0	0	0	0	0	0	0	0	0	0	0	0	0	0	0	0	0	0	0	0	0	0	0	0	0	0	0	0
Kocuria	0	0	0	0	0	0	0	0	0	0	0	0	0	0	0	0.12	0	0	0	0	0	0	0	0	0	0	0	0	0	0	0	0	0	0	0	0	0	0	0	0
Parvisynbacter	0	0	0	0	0	0	0	0	0	0	0	0	0	0	0	0	0	0	0	0	0.02	0	0	0	0	0	0	0	0	0	0	0	0	0	0	0	0	0	0	0
Agrobacterium	0	0	0	0	0	0	0	0	0	0	0.01	0	0	0	0	0	0	0	0	0	0	0	0	0	0	0	0	0	0	0	0	0	0	0	0	0	0	0	0	0
Bartonella	0	0	0	0	0	0	0	0	0.01	0	0	0	0	0	0	0	0	0	0	0	0	0	0	0	0	0	0	0	0	0	0	0	0	0	0	0	0	0	0	0
